<?xml version="1.0" encoding="UTF-8"?>
<beans xmlns="http://www.springframework.org/schema/beans"
	xmlns:xsi="http://www.w3.org/2001/XMLSchema-instance"
	xmlns:tx="http://www.springframework.org/schema/tx"
	xmlns:jpa="http://www.springframework.org/schema/data/jpa"
	xmlns:context="http://www.springframework.org/schema/context"
	xsi:schemaLocation="http://www.springframework.org/schema/beans https://www.springframework.org/schema/beans/spring-beans.xsd
		http://www.springframework.org/schema/context http://www.springframework.org/schema/context/spring-context.xsd
		http://www.springframework.org/schema/data/jpa http://www.springframework.org/schema/data/jpa/spring-jpa-1.8.xsd
		http://www.springframework.org/schema/tx http://www.springframework.org/schema/tx/spring-tx-4.3.xsd">
	
	<!-- Root Context: defines shared resources visible to all other web components -->
	<tx:annotation-driven />
	
	<jpa:repositories base-package="com.reservation.repository" entity-manager-factory-ref="entityManagerFactory" transaction-manager-ref="transactionManager"/>
	<!-- auditing -->
	
	<context:component-scan base-package="com.reservation.repository"/>
	
	
	
	<bean id="dataSource" class="org.springframework.jdbc.datasource.DriverManagerDataSource">
        <property name="driverClassName" value="oracle.jdbc.driver.OracleDriver"/>
        <property name="url" value="jdbc:oracle:thin:@192.168.5.22:1521:xe"/>
        <property name="username" value="testuser"/>
        <property name="password" value="q1w2e3r4"/>
    </bean>
	
<!-- 	<bean id="hikariConfig" class="com.zaxxer.hikari.HikariConfig">
		<property name="driverClassName" value="net.sf.log4jdbc.sql.jdbcapi.DriverSpy"/>
		<property name="jdbcUrl" value="jdbc:log4jdbc:oracle:thin:@localhost:1521:xe"/>
		<property name="username" value="homework"/>
		<property name="password" value="1234"/>
	</bean> -->
	
<!-- 	<bean id="dataSource" class="com.zaxxer.hikari.HikariDataSource">
		<constructor-arg ref="hikariConfig"></constructor-arg>
	</bean> -->
	
	
	<bean id="transactionManager" class="org.springframework.orm.jpa.JpaTransactionManager">
        <property name="dataSource" ref="dataSource"/>
    </bean>
	
	
	<!-- JPA 예외를 스프링 예외로 변환 -->
    <bean class="org.springframework.dao.annotation.PersistenceExceptionTranslationPostProcessor"/>

	<bean id="entityManagerFactory" class="org.springframework.orm.jpa.LocalContainerEntityManagerFactoryBean">
        <property name="dataSource" ref="dataSource"/>
        <property name="packagesToScan" value="com.reservation.entity"/>
        <!-- @Entity 탐색 시작 위치 -->
        <property name="jpaVendorAdapter">            
            <bean class="org.springframework.orm.jpa.vendor.HibernateJpaVendorAdapter"/>
        </property>
        <property name="jpaProperties">
            <props>
                <prop key="hibernate.dialect">org.hibernate.dialect.Oracle10gDialect</prop>
                <prop key="hibernate.show_sql">true</prop>
                <prop key="hibernate.format_sql">true</prop>
                <prop key="hibernate.use_sql_comments">true</prop>
                <prop key="hibernate.id.new_generator_mappings">true</prop>
                <prop key="hibernate.hbm2ddl.auto">update</prop>
            </props>
        </property>
    </bean>
</beans>

